Project Name,Issue URL,PR URL,Size of fix,Fix duration,Category
aiqm/torchani,https://github.com/aiqm/torchani/issues/485,https://github.com/aiqm/torchani/pull/488,12,5,non-ml
aiqm/torchani,https://github.com/aiqm/torchani/issues/243,https://github.com/aiqm/torchani/pull/279,144,63,non-ml
aiqm/torchani,https://github.com/aiqm/torchani/issues/618,https://github.com/aiqm/torchani/pull/619,4,10,non-ml
aiqm/torchani,https://github.com/aiqm/torchani/issues/141,https://github.com/aiqm/torchani/pull/150,23,28,non-ml
aiqm/torchani,https://github.com/aiqm/torchani/issues/182,https://github.com/aiqm/torchani/pull/357,10,251,non-ml
DeepLabCut/DeepLabCut,https://github.com/DeepLabCut/DeepLabCut/issues/2011,https://github.com/DeepLabCut/DeepLabCut/pull/2020,51,35,non-ml
DeepLabCut/DeepLabCut,https://github.com/DeepLabCut/DeepLabCut/issues/1006,https://github.com/DeepLabCut/DeepLabCut/pull/1059,24,44,non-ml
marl/openl3,https://github.com/marl/openl3/issues/85,https://github.com/marl/openl3/pull/86,8,62,non-ml
HazyResearch/fonduer,https://github.com/HazyResearch/fonduer/issues/306,https://github.com/HazyResearch/fonduer/pull/307,4,0,non-ml
stared/livelossplot,https://github.com/stared/livelossplot/issues/7,https://github.com/stared/livelossplot/pull/8,2,1,non-ml
mozilla/bugbug,https://github.com/mozilla/bugbug/issues/835,https://github.com/mozilla/bugbug/pull/847,16,2,non-ml
brendanhasz/probflow,https://github.com/brendanhasz/probflow/issues/20,https://github.com/brendanhasz/probflow/pull/54,413,176,non-ml
brendanhasz/probflow,https://github.com/brendanhasz/probflow/issues/34,https://github.com/brendanhasz/probflow/pull/37,309,3,non-ml
brendanhasz/probflow,https://github.com/brendanhasz/probflow/issues/38,https://github.com/brendanhasz/probflow/pull/41,376,0,non-ml
brendanhasz/probflow,https://github.com/brendanhasz/probflow/issues/9,https://github.com/brendanhasz/probflow/pull/40,141,408,non-ml
brendanhasz/probflow,https://github.com/brendanhasz/probflow/issues/35,https://github.com/brendanhasz/probflow/pull/36,8888,2,non-ml
hackingmaterials/automatminer,https://github.com/hackingmaterials/automatminer/issues/82,https://github.com/hackingmaterials/automatminer/pull/90,218,8,non-ml
hackingmaterials/automatminer,https://github.com/hackingmaterials/automatminer/issues/253,https://github.com/hackingmaterials/automatminer/pull/255,2224,4,non-ml
HunterMcGushion/hyperparameter_hunter,https://github.com/HunterMcGushion/hyperparameter_hunter/issues/102,https://github.com/HunterMcGushion/hyperparameter_hunter/pull/121,136,82,non-ml
HunterMcGushion/hyperparameter_hunter,https://github.com/HunterMcGushion/hyperparameter_hunter/issues/69,https://github.com/HunterMcGushion/hyperparameter_hunter/pull/76,769,20,non-ml
HunterMcGushion/hyperparameter_hunter,https://github.com/HunterMcGushion/hyperparameter_hunter/issues/90,https://github.com/HunterMcGushion/hyperparameter_hunter/pull/95,75,9,non-ml
qubvel/efficientnet,https://github.com/qubvel/efficientnet/issues/127,https://github.com/qubvel/efficientnet/pull/128,7,18,non-ml
qubvel/efficientnet,https://github.com/qubvel/efficientnet/issues/55,https://github.com/qubvel/efficientnet/pull/56,114,0,non-ml
qubvel/efficientnet,https://github.com/qubvel/efficientnet/issues/39,https://github.com/qubvel/efficientnet/pull/42,537,1,non-ml
netrack/keras-metrics,https://github.com/netrack/keras-metrics/issues/13,https://github.com/netrack/keras-metrics/pull/25,29,132,non-ml
netrack/keras-metrics,https://github.com/netrack/keras-metrics/issues/14,https://github.com/netrack/keras-metrics/pull/15,2,56,non-ml
NRCan/geo-deep-learning,https://github.com/NRCan/geo-deep-learning/issues/251,https://github.com/NRCan/geo-deep-learning/pull/253,201,0,non-ml
NRCan/geo-deep-learning,https://github.com/NRCan/geo-deep-learning/issues/98,https://github.com/NRCan/geo-deep-learning/pull/112,2914,336,non-ml
NRCan/geo-deep-learning,https://github.com/NRCan/geo-deep-learning/issues/77,https://github.com/NRCan/geo-deep-learning/pull/95,108,108,non-ml
NRCan/geo-deep-learning,https://github.com/NRCan/geo-deep-learning/issues/420,https://github.com/NRCan/geo-deep-learning/pull/421,38,0,non-ml
NRCan/geo-deep-learning,https://github.com/NRCan/geo-deep-learning/issues/362,https://github.com/NRCan/geo-deep-learning/pull/364,321,13,non-ml
NRCan/geo-deep-learning,https://github.com/NRCan/geo-deep-learning/issues/231,https://github.com/NRCan/geo-deep-learning/pull/232,76,6,non-ml
NRCan/geo-deep-learning,https://github.com/NRCan/geo-deep-learning/issues/99,https://github.com/NRCan/geo-deep-learning/pull/100,1251,10,non-ml
NRCan/geo-deep-learning,https://github.com/NRCan/geo-deep-learning/issues/411,https://github.com/NRCan/geo-deep-learning/pull/414,31,0,non-ml
NRCan/geo-deep-learning,https://github.com/NRCan/geo-deep-learning/issues/86,https://github.com/NRCan/geo-deep-learning/pull/91,655,29,non-ml
NRCan/geo-deep-learning,https://github.com/NRCan/geo-deep-learning/issues/127,https://github.com/NRCan/geo-deep-learning/pull/133,2378,34,non-ml
NRCan/geo-deep-learning,https://github.com/NRCan/geo-deep-learning/issues/90,https://github.com/NRCan/geo-deep-learning/pull/91,655,1,non-ml
NRCan/geo-deep-learning,https://github.com/NRCan/geo-deep-learning/issues/311,https://github.com/NRCan/geo-deep-learning/pull/315,135,16,non-ml
NRCan/geo-deep-learning,https://github.com/NRCan/geo-deep-learning/issues/422,https://github.com/NRCan/geo-deep-learning/pull/424,4,0,non-ml
NRCan/geo-deep-learning,https://github.com/NRCan/geo-deep-learning/issues/81,https://github.com/NRCan/geo-deep-learning/pull/100,1251,466,non-ml
NRCan/geo-deep-learning,https://github.com/NRCan/geo-deep-learning/issues/423,https://github.com/NRCan/geo-deep-learning/pull/424,4,0,non-ml
justinshenk/fer,https://github.com/justinshenk/fer/issues/24,https://github.com/justinshenk/fer/pull/25,54,22,non-ml
onnx/onnxmltools,https://github.com/onnx/onnxmltools/issues/482,https://github.com/onnx/onnxmltools/pull/491,367,29,non-ml
onnx/onnxmltools,https://github.com/onnx/onnxmltools/issues/495,https://github.com/onnx/onnxmltools/pull/497,14,4,non-ml
onnx/onnxmltools,https://github.com/onnx/onnxmltools/issues/540,https://github.com/onnx/onnxmltools/pull/555,6,58,non-ml
onnx/onnxmltools,https://github.com/onnx/onnxmltools/issues/551,https://github.com/onnx/onnxmltools/pull/552,223,6,non-ml
ProGamerGov/neural-style-pt,https://github.com/ProGamerGov/neural-style-pt/issues/64,https://github.com/ProGamerGov/neural-style-pt/pull/65,4,12,non-ml
BindsNET/bindsnet,https://github.com/BindsNET/bindsnet/issues/565,https://github.com/BindsNET/bindsnet/pull/566,10,0,non-ml
BindsNET/bindsnet,https://github.com/BindsNET/bindsnet/issues/212,https://github.com/BindsNET/bindsnet/pull/213,1046,1,non-ml
BindsNET/bindsnet,https://github.com/BindsNET/bindsnet/issues/140,https://github.com/BindsNET/bindsnet/pull/141,149,0,non-ml
blue-oil/blueoil,https://github.com/blue-oil/blueoil/issues/197,https://github.com/blue-oil/blueoil/pull/198,18,0,non-ml
blue-oil/blueoil,https://github.com/blue-oil/blueoil/issues/267,https://github.com/blue-oil/blueoil/pull/268,6,0,non-ml
blue-oil/blueoil,https://github.com/blue-oil/blueoil/issues/712,https://github.com/blue-oil/blueoil/pull/724,117,77,non-ml
blue-oil/blueoil,https://github.com/blue-oil/blueoil/issues/529,https://github.com/blue-oil/blueoil/pull/541,1713,2,non-ml
blue-oil/blueoil,https://github.com/blue-oil/blueoil/issues/260,https://github.com/blue-oil/blueoil/pull/261,29,6,non-ml
blue-oil/blueoil,https://github.com/blue-oil/blueoil/issues/1201,https://github.com/blue-oil/blueoil/pull/1235,12,150,non-ml
blue-oil/blueoil,https://github.com/blue-oil/blueoil/issues/1173,https://github.com/blue-oil/blueoil/pull/1177,69,2,non-ml
blue-oil/blueoil,https://github.com/blue-oil/blueoil/issues/491,https://github.com/blue-oil/blueoil/pull/513,302,38,non-ml
blue-oil/blueoil,https://github.com/blue-oil/blueoil/issues/1226,https://github.com/blue-oil/blueoil/pull/1228,34,7,non-ml
blue-oil/blueoil,https://github.com/blue-oil/blueoil/issues/1158,https://github.com/blue-oil/blueoil/pull/1159,4,13,non-ml
medipixel/rl_algorithms,https://github.com/medipixel/rl_algorithms/issues/251,https://github.com/medipixel/rl_algorithms/pull/252,37,3,non-ml
medipixel/rl_algorithms,https://github.com/medipixel/rl_algorithms/issues/247,https://github.com/medipixel/rl_algorithms/pull/246,1587,3,non-ml
medipixel/rl_algorithms,https://github.com/medipixel/rl_algorithms/issues/230,https://github.com/medipixel/rl_algorithms/pull/234,1698,7,non-ml
medipixel/rl_algorithms,https://github.com/medipixel/rl_algorithms/issues/263,https://github.com/medipixel/rl_algorithms/pull/280,14,35,non-ml
medipixel/rl_algorithms,https://github.com/medipixel/rl_algorithms/issues/255,https://github.com/medipixel/rl_algorithms/pull/257,67,6,non-ml
medipixel/rl_algorithms,https://github.com/medipixel/rl_algorithms/issues/254,https://github.com/medipixel/rl_algorithms/pull/256,22,2,non-ml
ludwig-ai/ludwig,https://github.com/ludwig-ai/ludwig/issues/2110,https://github.com/ludwig-ai/ludwig/pull/2109,103,6,non-ml
ludwig-ai/ludwig,https://github.com/ludwig-ai/ludwig/issues/1802,https://github.com/ludwig-ai/ludwig/pull/1830,79,10,non-ml
ludwig-ai/ludwig,https://github.com/ludwig-ai/ludwig/issues/1479,https://github.com/ludwig-ai/ludwig/pull/1669,158,60,non-ml
ludwig-ai/ludwig,https://github.com/ludwig-ai/ludwig/issues/1341,https://github.com/ludwig-ai/ludwig/pull/1344,56,0,non-ml
ludwig-ai/ludwig,https://github.com/ludwig-ai/ludwig/issues/552,https://github.com/ludwig-ai/ludwig/pull/553,4,0,non-ml
ludwig-ai/ludwig,https://github.com/ludwig-ai/ludwig/issues/1875,https://github.com/ludwig-ai/ludwig/pull/1878,14,1,non-ml
ludwig-ai/ludwig,https://github.com/ludwig-ai/ludwig/issues/1147,https://github.com/ludwig-ai/ludwig/pull/1148,39,0,non-ml
ludwig-ai/ludwig,https://github.com/ludwig-ai/ludwig/issues/807,https://github.com/ludwig-ai/ludwig/pull/808,3,0,non-ml
ludwig-ai/ludwig,https://github.com/ludwig-ai/ludwig/issues/1404,https://github.com/ludwig-ai/ludwig/pull/1410,163,4,non-ml
ludwig-ai/ludwig,https://github.com/ludwig-ai/ludwig/issues/865,https://github.com/ludwig-ai/ludwig/pull/895,45,13,non-ml
ludwig-ai/ludwig,https://github.com/ludwig-ai/ludwig/issues/2499,https://github.com/ludwig-ai/ludwig/pull/2508,194,1,non-ml
ludwig-ai/ludwig,https://github.com/ludwig-ai/ludwig/issues/1365,https://github.com/ludwig-ai/ludwig/pull/1376,907,15,non-ml
ludwig-ai/ludwig,https://github.com/ludwig-ai/ludwig/issues/491,https://github.com/ludwig-ai/ludwig/pull/530,268,55,non-ml
ludwig-ai/ludwig,https://github.com/ludwig-ai/ludwig/issues/1492,https://github.com/ludwig-ai/ludwig/pull/1589,51,56,non-ml
ludwig-ai/ludwig,https://github.com/ludwig-ai/ludwig/issues/833,https://github.com/ludwig-ai/ludwig/pull/861,31,21,non-ml
ludwig-ai/ludwig,https://github.com/ludwig-ai/ludwig/issues/1502,https://github.com/ludwig-ai/ludwig/pull/1522,1554,10,non-ml
ludwig-ai/ludwig,https://github.com/ludwig-ai/ludwig/issues/1118,https://github.com/ludwig-ai/ludwig/pull/1119,6,19,non-ml
ludwig-ai/ludwig,https://github.com/ludwig-ai/ludwig/issues/2368,https://github.com/ludwig-ai/ludwig/pull/2382,84,7,non-ml
ludwig-ai/ludwig,https://github.com/ludwig-ai/ludwig/issues/819,https://github.com/ludwig-ai/ludwig/pull/897,2,36,non-ml
ludwig-ai/ludwig,https://github.com/ludwig-ai/ludwig/issues/1545,https://github.com/ludwig-ai/ludwig/pull/1546,8,0,non-ml
philipperemy/keras-tcn,https://github.com/philipperemy/keras-tcn/issues/138,https://github.com/philipperemy/keras-tcn/pull/140,9,10,non-ml
philipperemy/keras-tcn,https://github.com/philipperemy/keras-tcn/issues/3,https://github.com/philipperemy/keras-tcn/pull/4,1,11,non-ml
atomistic-machine-learning/schnetpack,https://github.com/atomistic-machine-learning/schnetpack/issues/149,https://github.com/atomistic-machine-learning/schnetpack/pull/150,2,0,non-ml
atomistic-machine-learning/schnetpack,https://github.com/atomistic-machine-learning/schnetpack/issues/182,https://github.com/atomistic-machine-learning/schnetpack/pull/183,164,3,non-ml
catalyst-team/catalyst,https://github.com/catalyst-team/catalyst/issues/85,https://github.com/catalyst-team/catalyst/pull/87,120,0,non-ml
sktime/sktime,https://github.com/sktime/sktime/issues/3633,https://github.com/sktime/sktime/pull/3635,90,24,non-ml
sktime/sktime,https://github.com/sktime/sktime/issues/504,https://github.com/sktime/sktime/pull/505,482,1,non-ml
sktime/sktime,https://github.com/sktime/sktime/issues/1478,https://github.com/sktime/sktime/pull/1473,27,407,non-ml
sktime/sktime,https://github.com/sktime/sktime/issues/1090,https://github.com/sktime/sktime/pull/967,341,480,non-ml
sktime/sktime,https://github.com/sktime/sktime/issues/1803,https://github.com/sktime/sktime/pull/1620,2246,26,non-ml
sktime/sktime,https://github.com/sktime/sktime/issues/1947,https://github.com/sktime/sktime/pull/2045,5,14,non-ml
sktime/sktime,https://github.com/sktime/sktime/issues/2717,https://github.com/sktime/sktime/pull/2720,124,7,non-ml
sktime/sktime,https://github.com/sktime/sktime/issues/3014,https://github.com/sktime/sktime/pull/3449,2,67,non-ml
sktime/sktime,https://github.com/sktime/sktime/issues/289,https://github.com/sktime/sktime/pull/310,49,7,non-ml
sktime/sktime,https://github.com/sktime/sktime/issues/2275,https://github.com/sktime/sktime/pull/2281,17,0,non-ml
sktime/sktime,https://github.com/sktime/sktime/issues/1038,https://github.com/sktime/sktime/pull/1042,87,274,non-ml
sktime/sktime,https://github.com/sktime/sktime/issues/918,https://github.com/sktime/sktime/pull/1130,227,100,non-ml
sktime/sktime,https://github.com/sktime/sktime/issues/522,https://github.com/sktime/sktime/pull/537,103,11,non-ml
sktime/sktime,https://github.com/sktime/sktime/issues/3316,https://github.com/sktime/sktime/pull/3451,412,64,non-ml
sktime/sktime,https://github.com/sktime/sktime/issues/534,https://github.com/sktime/sktime/pull/582,363,356,non-ml
sktime/sktime,https://github.com/sktime/sktime/issues/1126,https://github.com/sktime/sktime/pull/1127,287,10,non-ml
sktime/sktime,https://github.com/sktime/sktime/issues/539,https://github.com/sktime/sktime/pull/737,4,98,non-ml
sktime/sktime,https://github.com/sktime/sktime/issues/1625,https://github.com/sktime/sktime/pull/1842,186,62,non-ml
sktime/sktime,https://github.com/sktime/sktime/issues/692,https://github.com/sktime/sktime/pull/769,14,76,non-ml
sktime/sktime,https://github.com/sktime/sktime/issues/2455,https://github.com/sktime/sktime/pull/2456,101,14,non-ml
sktime/sktime,https://github.com/sktime/sktime/issues/2905,https://github.com/sktime/sktime/pull/3807,60,196,non-ml
sktime/sktime,https://github.com/sktime/sktime/issues/1647,https://github.com/sktime/sktime/pull/1648,145,8,non-ml
sktime/sktime,https://github.com/sktime/sktime/issues/3267,https://github.com/sktime/sktime/pull/3268,31,6,non-ml
sktime/sktime,https://github.com/sktime/sktime/issues/3772,https://github.com/sktime/sktime/pull/3775,8,1,non-ml
sktime/sktime,https://github.com/sktime/sktime/issues/3397,https://github.com/sktime/sktime/pull/3430,580,103,non-ml
sktime/sktime,https://github.com/sktime/sktime/issues/2528,https://github.com/sktime/sktime/pull/2703,81,39,non-ml
sktime/sktime,https://github.com/sktime/sktime/issues/1837,https://github.com/sktime/sktime/pull/1841,22,0,non-ml
sktime/sktime,https://github.com/sktime/sktime/issues/910,https://github.com/sktime/sktime/pull/911,15,8,non-ml
sktime/sktime,https://github.com/sktime/sktime/issues/510,https://github.com/sktime/sktime/pull/912,1524,203,non-ml
sktime/sktime,https://github.com/sktime/sktime/issues/320,https://github.com/sktime/sktime/pull/295,23767,575,non-ml
sktime/sktime,https://github.com/sktime/sktime/issues/1085,https://github.com/sktime/sktime/pull/3355,1009,437,non-ml
sktime/sktime,https://github.com/sktime/sktime/issues/1230,https://github.com/sktime/sktime/pull/1205,3439,16,non-ml
intel/dffml,https://github.com/intel/dffml/issues/118,https://github.com/intel/dffml/pull/150,1106,21,non-ml
intel/dffml,https://github.com/intel/dffml/issues/349,https://github.com/intel/dffml/pull/357,143,4,non-ml
intel/dffml,https://github.com/intel/dffml/issues/597,https://github.com/intel/dffml/pull/642,136,20,non-ml
intel/dffml,https://github.com/intel/dffml/issues/561,https://github.com/intel/dffml/pull/617,80,27,non-ml
intel/dffml,https://github.com/intel/dffml/issues/49,https://github.com/intel/dffml/pull/71,6188,19,non-ml
autonomio/talos,https://github.com/autonomio/talos/issues/223,https://github.com/autonomio/talos/pull/240,96,162,non-ml
pyro-ppl/funsor,https://github.com/pyro-ppl/funsor/issues/322,https://github.com/pyro-ppl/funsor/pull/417,91,307,non-ml
pyro-ppl/funsor,https://github.com/pyro-ppl/funsor/issues/158,https://github.com/pyro-ppl/funsor/pull/172,341,11,non-ml
pyro-ppl/funsor,https://github.com/pyro-ppl/funsor/issues/26,https://github.com/pyro-ppl/funsor/pull/32,31,2,non-ml
pyro-ppl/funsor,https://github.com/pyro-ppl/funsor/issues/11,https://github.com/pyro-ppl/funsor/pull/95,219,43,non-ml
kymatio/kymatio,https://github.com/kymatio/kymatio/issues/197,https://github.com/kymatio/kymatio/pull/198,77,1,non-ml
kymatio/kymatio,https://github.com/kymatio/kymatio/issues/836,https://github.com/kymatio/kymatio/pull/837,57,1,non-ml
kymatio/kymatio,https://github.com/kymatio/kymatio/issues/319,https://github.com/kymatio/kymatio/pull/328,63,31,non-ml
kymatio/kymatio,https://github.com/kymatio/kymatio/issues/339,https://github.com/kymatio/kymatio/pull/405,35,149,non-ml
kymatio/kymatio,https://github.com/kymatio/kymatio/issues/513,https://github.com/kymatio/kymatio/pull/833,283,871,non-ml
kymatio/kymatio,https://github.com/kymatio/kymatio/issues/851,https://github.com/kymatio/kymatio/pull/915,408,67,non-ml
kymatio/kymatio,https://github.com/kymatio/kymatio/issues/484,https://github.com/kymatio/kymatio/pull/485,2,0,non-ml
kymatio/kymatio,https://github.com/kymatio/kymatio/issues/256,https://github.com/kymatio/kymatio/pull/258,4,7,non-ml
kymatio/kymatio,https://github.com/kymatio/kymatio/issues/1,https://github.com/kymatio/kymatio/pull/342,8,47,non-ml
kymatio/kymatio,https://github.com/kymatio/kymatio/issues/408,https://github.com/kymatio/kymatio/pull/405,35,198,non-ml
kymatio/kymatio,https://github.com/kymatio/kymatio/issues/296,https://github.com/kymatio/kymatio/pull/298,13,1,non-ml
kymatio/kymatio,https://github.com/kymatio/kymatio/issues/307,https://github.com/kymatio/kymatio/pull/308,11,0,non-ml
kymatio/kymatio,https://github.com/kymatio/kymatio/issues/204,https://github.com/kymatio/kymatio/pull/232,209,17,non-ml
kymatio/kymatio,https://github.com/kymatio/kymatio/issues/194,https://github.com/kymatio/kymatio/pull/195,142,2,non-ml
aiqm/torchani,https://github.com/aiqm/torchani/issues/499,https://github.com/aiqm/torchani/pull/500,21,13,ml
aiqm/torchani,https://github.com/aiqm/torchani/issues/113,https://github.com/aiqm/torchani/pull/171,813,148,ml
aiqm/torchani,https://github.com/aiqm/torchani/issues/112,https://github.com/aiqm/torchani/pull/224,895,224,ml
aiqm/torchani,https://github.com/aiqm/torchani/issues/49,https://github.com/aiqm/torchani/pull/52,143,0,ml
aiqm/torchani,https://github.com/aiqm/torchani/issues/511,https://github.com/aiqm/torchani/pull/512,16,0,ml
DeepLabCut/DeepLabCut,https://github.com/DeepLabCut/DeepLabCut/issues/1792,https://github.com/DeepLabCut/DeepLabCut/pull/1911,21,88,ml
DeepLabCut/DeepLabCut,https://github.com/DeepLabCut/DeepLabCut/issues/1981,https://github.com/DeepLabCut/DeepLabCut/pull/1982,22,1,ml
marl/openl3,https://github.com/marl/openl3/issues/73,https://github.com/marl/openl3/pull/75,22,1,ml
HazyResearch/fonduer,https://github.com/HazyResearch/fonduer/issues/56,https://github.com/HazyResearch/fonduer/pull/64,567,28,ml
stared/livelossplot,https://github.com/stared/livelossplot/issues/75,https://github.com/stared/livelossplot/pull/77,3,39,ml
mozilla/bugbug,https://github.com/mozilla/bugbug/issues/18,https://github.com/mozilla/bugbug/pull/449,93,163,ml
brendanhasz/probflow,https://github.com/brendanhasz/probflow/issues/21,https://github.com/brendanhasz/probflow/pull/39,1241,169,ml
brendanhasz/probflow,https://github.com/brendanhasz/probflow/issues/10,https://github.com/brendanhasz/probflow/pull/53,5,413,ml
brendanhasz/probflow,https://github.com/brendanhasz/probflow/issues/28,https://github.com/brendanhasz/probflow/pull/29,14,27,ml
brendanhasz/probflow,https://github.com/brendanhasz/probflow/issues/18,https://github.com/brendanhasz/probflow/pull/31,4437,166,ml
brendanhasz/probflow,https://github.com/brendanhasz/probflow/issues/19,https://github.com/brendanhasz/probflow/pull/46,727,171,ml
hackingmaterials/automatminer,https://github.com/hackingmaterials/automatminer/issues/241,https://github.com/hackingmaterials/automatminer/pull/246,9126,6,ml
hackingmaterials/automatminer,https://github.com/hackingmaterials/automatminer/issues/239,https://github.com/hackingmaterials/automatminer/pull/246,9126,6,ml
HunterMcGushion/hyperparameter_hunter,https://github.com/HunterMcGushion/hyperparameter_hunter/issues/88,https://github.com/HunterMcGushion/hyperparameter_hunter/pull/89,23,4,ml
HunterMcGushion/hyperparameter_hunter,https://github.com/HunterMcGushion/hyperparameter_hunter/issues/111,https://github.com/HunterMcGushion/hyperparameter_hunter/pull/118,1778,51,ml
HunterMcGushion/hyperparameter_hunter,https://github.com/HunterMcGushion/hyperparameter_hunter/issues/34,https://github.com/HunterMcGushion/hyperparameter_hunter/pull/91,413,128,ml
qubvel/efficientnet,https://github.com/qubvel/efficientnet/issues/135,https://github.com/qubvel/efficientnet/pull/130,3,421,ml
qubvel/efficientnet,https://github.com/qubvel/efficientnet/issues/60,https://github.com/qubvel/efficientnet/pull/130,3,1008,ml
qubvel/efficientnet,https://github.com/qubvel/efficientnet/issues/51,https://github.com/qubvel/efficientnet/pull/52,49,2,ml
netrack/keras-metrics,https://github.com/netrack/keras-metrics/issues/3,https://github.com/netrack/keras-metrics/pull/4,5,2,ml
netrack/keras-metrics,https://github.com/netrack/keras-metrics/issues/22,https://github.com/netrack/keras-metrics/pull/23,6,23,ml
NRCan/geo-deep-learning,https://github.com/NRCan/geo-deep-learning/issues/292,https://github.com/NRCan/geo-deep-learning/pull/294,573,0,ml
NRCan/geo-deep-learning,https://github.com/NRCan/geo-deep-learning/issues/57,https://github.com/NRCan/geo-deep-learning/pull/64,56,14,ml
NRCan/geo-deep-learning,https://github.com/NRCan/geo-deep-learning/issues/6,https://github.com/NRCan/geo-deep-learning/pull/30,945,77,ml
NRCan/geo-deep-learning,https://github.com/NRCan/geo-deep-learning/issues/293,https://github.com/NRCan/geo-deep-learning/pull/295,703,2,ml
NRCan/geo-deep-learning,https://github.com/NRCan/geo-deep-learning/issues/84,https://github.com/NRCan/geo-deep-learning/pull/89,40,27,ml
NRCan/geo-deep-learning,https://github.com/NRCan/geo-deep-learning/issues/305,https://github.com/NRCan/geo-deep-learning/pull/308,183,5,ml
NRCan/geo-deep-learning,https://github.com/NRCan/geo-deep-learning/issues/333,https://github.com/NRCan/geo-deep-learning/pull/334,4,49,ml
NRCan/geo-deep-learning,https://github.com/NRCan/geo-deep-learning/issues/260,https://github.com/NRCan/geo-deep-learning/pull/263,355,4,ml
NRCan/geo-deep-learning,https://github.com/NRCan/geo-deep-learning/issues/189,https://github.com/NRCan/geo-deep-learning/pull/208,6097,290,ml
NRCan/geo-deep-learning,https://github.com/NRCan/geo-deep-learning/issues/222,https://github.com/NRCan/geo-deep-learning/pull/335,145,266,ml
NRCan/geo-deep-learning,https://github.com/NRCan/geo-deep-learning/issues/370,https://github.com/NRCan/geo-deep-learning/pull/373,2,0,ml
NRCan/geo-deep-learning,https://github.com/NRCan/geo-deep-learning/issues/183,https://github.com/NRCan/geo-deep-learning/pull/298,179,396,ml
NRCan/geo-deep-learning,https://github.com/NRCan/geo-deep-learning/issues/249,https://github.com/NRCan/geo-deep-learning/pull/259,391,10,ml
NRCan/geo-deep-learning,https://github.com/NRCan/geo-deep-learning/issues/264,https://github.com/NRCan/geo-deep-learning/pull/266,23,5,ml
NRCan/geo-deep-learning,https://github.com/NRCan/geo-deep-learning/issues/157,https://github.com/NRCan/geo-deep-learning/pull/208,6097,486,ml
justinshenk/fer,https://github.com/justinshenk/fer/issues/7,https://github.com/justinshenk/fer/pull/8,8,182,ml
onnx/onnxmltools,https://github.com/onnx/onnxmltools/issues/37,https://github.com/onnx/onnxmltools/pull/38,23,4,ml
onnx/onnxmltools,https://github.com/onnx/onnxmltools/issues/66,https://github.com/onnx/onnxmltools/pull/74,169,5,ml
onnx/onnxmltools,https://github.com/onnx/onnxmltools/issues/124,https://github.com/onnx/onnxmltools/pull/126,46,15,ml
onnx/onnxmltools,https://github.com/onnx/onnxmltools/issues/50,https://github.com/onnx/onnxmltools/pull/70,300,8,ml
ProGamerGov/neural-style-pt,https://github.com/ProGamerGov/neural-style-pt/issues/43,https://github.com/ProGamerGov/neural-style-pt/pull/84,48,10,ml
BindsNET/bindsnet,https://github.com/BindsNET/bindsnet/issues/362,https://github.com/BindsNET/bindsnet/pull/364,7,4,ml
BindsNET/bindsnet,https://github.com/BindsNET/bindsnet/issues/351,https://github.com/BindsNET/bindsnet/pull/354,32,10,ml
BindsNET/bindsnet,https://github.com/BindsNET/bindsnet/issues/224,https://github.com/BindsNET/bindsnet/pull/225,140,19,ml
blue-oil/blueoil,https://github.com/blue-oil/blueoil/issues/904,https://github.com/blue-oil/blueoil/pull/978,4,38,ml
blue-oil/blueoil,https://github.com/blue-oil/blueoil/issues/362,https://github.com/blue-oil/blueoil/pull/364,3,480,ml
blue-oil/blueoil,https://github.com/blue-oil/blueoil/issues/909,https://github.com/blue-oil/blueoil/pull/957,2,36,ml
blue-oil/blueoil,https://github.com/blue-oil/blueoil/issues/138,https://github.com/blue-oil/blueoil/pull/28,160,7,ml
blue-oil/blueoil,https://github.com/blue-oil/blueoil/issues/484,https://github.com/blue-oil/blueoil/pull/1072,135,302,ml
blue-oil/blueoil,https://github.com/blue-oil/blueoil/issues/884,https://github.com/blue-oil/blueoil/pull/882,235,1,ml
blue-oil/blueoil,https://github.com/blue-oil/blueoil/issues/687,https://github.com/blue-oil/blueoil/pull/689,2,2,ml
blue-oil/blueoil,https://github.com/blue-oil/blueoil/issues/805,https://github.com/blue-oil/blueoil/pull/807,12,6,ml
blue-oil/blueoil,https://github.com/blue-oil/blueoil/issues/711,https://github.com/blue-oil/blueoil/pull/719,8,8,ml
blue-oil/blueoil,https://github.com/blue-oil/blueoil/issues/249,https://github.com/blue-oil/blueoil/pull/886,16,319,ml
medipixel/rl_algorithms,https://github.com/medipixel/rl_algorithms/issues/123,https://github.com/medipixel/rl_algorithms/pull/124,150,3,ml
medipixel/rl_algorithms,https://github.com/medipixel/rl_algorithms/issues/261,https://github.com/medipixel/rl_algorithms/pull/272,312,60,ml
medipixel/rl_algorithms,https://github.com/medipixel/rl_algorithms/issues/129,https://github.com/medipixel/rl_algorithms/pull/140,303,5,ml
medipixel/rl_algorithms,https://github.com/medipixel/rl_algorithms/issues/243,https://github.com/medipixel/rl_algorithms/pull/272,312,90,ml
medipixel/rl_algorithms,https://github.com/medipixel/rl_algorithms/issues/242,https://github.com/medipixel/rl_algorithms/pull/279,42,99,ml
medipixel/rl_algorithms,https://github.com/medipixel/rl_algorithms/issues/245,https://github.com/medipixel/rl_algorithms/pull/246,1587,4,ml
ludwig-ai/ludwig,https://github.com/ludwig-ai/ludwig/issues/1403,https://github.com/ludwig-ai/ludwig/pull/1410,163,4,ml
ludwig-ai/ludwig,https://github.com/ludwig-ai/ludwig/issues/1911,https://github.com/ludwig-ai/ludwig/pull/1912,10,0,ml
ludwig-ai/ludwig,https://github.com/ludwig-ai/ludwig/issues/2243,https://github.com/ludwig-ai/ludwig/pull/2445,623,6,ml
ludwig-ai/ludwig,https://github.com/ludwig-ai/ludwig/issues/1262,https://github.com/ludwig-ai/ludwig/pull/1269,1009,58,ml
ludwig-ai/ludwig,https://github.com/ludwig-ai/ludwig/issues/484,https://github.com/ludwig-ai/ludwig/pull/1174,591,651,ml
ludwig-ai/ludwig,https://github.com/ludwig-ai/ludwig/issues/1389,https://github.com/ludwig-ai/ludwig/pull/1402,42,5,ml
ludwig-ai/ludwig,https://github.com/ludwig-ai/ludwig/issues/1613,https://github.com/ludwig-ai/ludwig/pull/1663,23,20,ml
ludwig-ai/ludwig,https://github.com/ludwig-ai/ludwig/issues/828,https://github.com/ludwig-ai/ludwig/pull/829,51,0,ml
ludwig-ai/ludwig,https://github.com/ludwig-ai/ludwig/issues/1889,https://github.com/ludwig-ai/ludwig/pull/1893,40,0,ml
ludwig-ai/ludwig,https://github.com/ludwig-ai/ludwig/issues/296,https://github.com/ludwig-ai/ludwig/pull/367,128,54,ml
ludwig-ai/ludwig,https://github.com/ludwig-ai/ludwig/issues/1871,https://github.com/ludwig-ai/ludwig/pull/1872,9,0,ml
ludwig-ai/ludwig,https://github.com/ludwig-ai/ludwig/issues/1030,https://github.com/ludwig-ai/ludwig/pull/1031,144,25,ml
ludwig-ai/ludwig,https://github.com/ludwig-ai/ludwig/issues/1991,https://github.com/ludwig-ai/ludwig/pull/1992,87,37,ml
ludwig-ai/ludwig,https://github.com/ludwig-ai/ludwig/issues/2186,https://github.com/ludwig-ai/ludwig/pull/2191,188,0,ml
ludwig-ai/ludwig,https://github.com/ludwig-ai/ludwig/issues/2169,https://github.com/ludwig-ai/ludwig/pull/2170,42,0,ml
ludwig-ai/ludwig,https://github.com/ludwig-ai/ludwig/issues/1181,https://github.com/ludwig-ai/ludwig/pull/1326,51,128,ml
ludwig-ai/ludwig,https://github.com/ludwig-ai/ludwig/issues/1093,https://github.com/ludwig-ai/ludwig/pull/1103,596,141,ml
ludwig-ai/ludwig,https://github.com/ludwig-ai/ludwig/issues/2851,https://github.com/ludwig-ai/ludwig/pull/2852,6,0,ml
ludwig-ai/ludwig,https://github.com/ludwig-ai/ludwig/issues/2144,https://github.com/ludwig-ai/ludwig/pull/2175,28,26,ml
ludwig-ai/ludwig,https://github.com/ludwig-ai/ludwig/issues/268,https://github.com/ludwig-ai/ludwig/pull/1174,591,780,ml
philipperemy/keras-tcn,https://github.com/philipperemy/keras-tcn/issues/121,https://github.com/philipperemy/keras-tcn/pull/122,9,1,ml
philipperemy/keras-tcn,https://github.com/philipperemy/keras-tcn/issues/5,https://github.com/philipperemy/keras-tcn/pull/6,19,9,ml
atomistic-machine-learning/schnetpack,https://github.com/atomistic-machine-learning/schnetpack/issues/250,https://github.com/atomistic-machine-learning/schnetpack/pull/261,15,87,ml
atomistic-machine-learning/schnetpack,https://github.com/atomistic-machine-learning/schnetpack/issues/165,https://github.com/atomistic-machine-learning/schnetpack/pull/216,4,380,ml
catalyst-team/catalyst,https://github.com/catalyst-team/catalyst/issues/130,https://github.com/catalyst-team/catalyst/pull/182,631,55,ml
sktime/sktime,https://github.com/sktime/sktime/issues/2444,https://github.com/sktime/sktime/pull/2609,32,0,ml
sktime/sktime,https://github.com/sktime/sktime/issues/1290,https://github.com/sktime/sktime/pull/1232,2623,344,ml
sktime/sktime,https://github.com/sktime/sktime/issues/1678,https://github.com/sktime/sktime/pull/1944,23,238,ml
sktime/sktime,https://github.com/sktime/sktime/issues/3192,https://github.com/sktime/sktime/pull/3232,266,20,ml
sktime/sktime,https://github.com/sktime/sktime/issues/1746,https://github.com/sktime/sktime/pull/2100,398,102,ml
sktime/sktime,https://github.com/sktime/sktime/issues/2799,https://github.com/sktime/sktime/pull/2855,506,77,ml
sktime/sktime,https://github.com/sktime/sktime/issues/2849,https://github.com/sktime/sktime/pull/2850,30,35,ml
sktime/sktime,https://github.com/sktime/sktime/issues/4067,https://github.com/sktime/sktime/pull/4075,104,6,ml
sktime/sktime,https://github.com/sktime/sktime/issues/1079,https://github.com/sktime/sktime/pull/2609,32,327,ml
sktime/sktime,https://github.com/sktime/sktime/issues/2696,https://github.com/sktime/sktime/pull/2382,279,5,ml
sktime/sktime,https://github.com/sktime/sktime/issues/2511,https://github.com/sktime/sktime/pull/2512,22,6,ml
sktime/sktime,https://github.com/sktime/sktime/issues/3009,https://github.com/sktime/sktime/pull/3129,30,16,ml
sktime/sktime,https://github.com/sktime/sktime/issues/2233,https://github.com/sktime/sktime/pull/2234,825,70,ml
sktime/sktime,https://github.com/sktime/sktime/issues/3474,https://github.com/sktime/sktime/pull/3481,539,8,ml
sktime/sktime,https://github.com/sktime/sktime/issues/1687,https://github.com/sktime/sktime/pull/1874,325,111,ml
sktime/sktime,https://github.com/sktime/sktime/issues/3907,https://github.com/sktime/sktime/pull/3915,191,11,ml
sktime/sktime,https://github.com/sktime/sktime/issues/2968,https://github.com/sktime/sktime/pull/2970,32,3,ml
sktime/sktime,https://github.com/sktime/sktime/issues/3816,https://github.com/sktime/sktime/pull/3820,103,12,ml
sktime/sktime,https://github.com/sktime/sktime/issues/1364,https://github.com/sktime/sktime/pull/2458,168,241,ml
sktime/sktime,https://github.com/sktime/sktime/issues/3748,https://github.com/sktime/sktime/pull/3760,27,8,ml
sktime/sktime,https://github.com/sktime/sktime/issues/3159,https://github.com/sktime/sktime/pull/3167,31,2,ml
sktime/sktime,https://github.com/sktime/sktime/issues/2573,https://github.com/sktime/sktime/pull/3010,98,84,ml
sktime/sktime,https://github.com/sktime/sktime/issues/2247,https://github.com/sktime/sktime/pull/2248,406,107,ml
sktime/sktime,https://github.com/sktime/sktime/issues/3315,https://github.com/sktime/sktime/pull/3340,4,5,ml
sktime/sktime,https://github.com/sktime/sktime/issues/2441,https://github.com/sktime/sktime/pull/2454,474,3,ml
sktime/sktime,https://github.com/sktime/sktime/issues/3084,https://github.com/sktime/sktime/pull/3085,39,9,ml
sktime/sktime,https://github.com/sktime/sktime/issues/2935,https://github.com/sktime/sktime/pull/2991,83,34,ml
sktime/sktime,https://github.com/sktime/sktime/issues/3191,https://github.com/sktime/sktime/pull/3233,262,47,ml
sktime/sktime,https://github.com/sktime/sktime/issues/3153,https://github.com/sktime/sktime/pull/3171,484,142,ml
sktime/sktime,https://github.com/sktime/sktime/issues/2386,https://github.com/sktime/sktime/pull/2418,21,5,ml
sktime/sktime,https://github.com/sktime/sktime/issues/3169,https://github.com/sktime/sktime/pull/3231,103,16,ml
sktime/sktime,https://github.com/sktime/sktime/issues/3372,https://github.com/sktime/sktime/pull/3386,556,31,ml
intel/dffml,https://github.com/intel/dffml/issues/254,https://github.com/intel/dffml/pull/268,133,296,ml
intel/dffml,https://github.com/intel/dffml/issues/537,https://github.com/intel/dffml/pull/634,238,38,ml
intel/dffml,https://github.com/intel/dffml/issues/316,https://github.com/intel/dffml/pull/340,54,10,ml
intel/dffml,https://github.com/intel/dffml/issues/1181,https://github.com/intel/dffml/pull/1226,1877,51,ml
intel/dffml,https://github.com/intel/dffml/issues/435,https://github.com/intel/dffml/pull/634,238,75,ml
autonomio/talos,https://github.com/autonomio/talos/issues/106,https://github.com/autonomio/talos/pull/109,328,15,ml
pyro-ppl/funsor,https://github.com/pyro-ppl/funsor/issues/573,https://github.com/pyro-ppl/funsor/pull/589,239,156,ml
pyro-ppl/funsor,https://github.com/pyro-ppl/funsor/issues/70,https://github.com/pyro-ppl/funsor/pull/161,147,695,ml
pyro-ppl/funsor,https://github.com/pyro-ppl/funsor/issues/19,https://github.com/pyro-ppl/funsor/pull/36,62,4,ml
pyro-ppl/funsor,https://github.com/pyro-ppl/funsor/issues/9,https://github.com/pyro-ppl/funsor/pull/47,27,17,ml
kymatio/kymatio,https://github.com/kymatio/kymatio/issues/637,https://github.com/kymatio/kymatio/pull/670,15,90,ml
kymatio/kymatio,https://github.com/kymatio/kymatio/issues/461,https://github.com/kymatio/kymatio/pull/459,563,909,ml
kymatio/kymatio,https://github.com/kymatio/kymatio/issues/374,https://github.com/kymatio/kymatio/pull/380,84,63,ml
kymatio/kymatio,https://github.com/kymatio/kymatio/issues/568,https://github.com/kymatio/kymatio/pull/578,19,3,ml
kymatio/kymatio,https://github.com/kymatio/kymatio/issues/801,https://github.com/kymatio/kymatio/pull/888,88,83,ml
kymatio/kymatio,https://github.com/kymatio/kymatio/issues/522,https://github.com/kymatio/kymatio/pull/527,54,0,ml
kymatio/kymatio,https://github.com/kymatio/kymatio/issues/451,https://github.com/kymatio/kymatio/pull/449,2595,1,ml
kymatio/kymatio,https://github.com/kymatio/kymatio/issues/902,https://github.com/kymatio/kymatio/pull/919,178,38,ml
kymatio/kymatio,https://github.com/kymatio/kymatio/issues/542,https://github.com/kymatio/kymatio/pull/576,16,25,ml
kymatio/kymatio,https://github.com/kymatio/kymatio/issues/811,https://github.com/kymatio/kymatio/pull/889,12,34,ml
kymatio/kymatio,https://github.com/kymatio/kymatio/issues/775,https://github.com/kymatio/kymatio/pull/883,74,288,ml
kymatio/kymatio,https://github.com/kymatio/kymatio/issues/868,https://github.com/kymatio/kymatio/pull/890,28,6,ml
kymatio/kymatio,https://github.com/kymatio/kymatio/issues/418,https://github.com/kymatio/kymatio/pull/534,376,173,ml
kymatio/kymatio,https://github.com/kymatio/kymatio/issues/663,https://github.com/kymatio/kymatio/pull/667,10,496,ml